{"_type":"export","__export_format":4,"__export_date":"2024-09-12T19:02:58.402Z","__export_source":"insomnia.desktop.app:v9.3.2","resources":[{"_id":"req_ef32f6a5b0d6418e8bedb3249a159b9f","parentId":"fld_f1c94d4bda0c4e46a7336495b32748c3","modified":1726166186117,"created":1726166176128,"url":"http://localhost:3333/users","name":"Index","description":"","method":"GET","body":{},"parameters":[],"headers":[{"name":"User-Agent","value":"insomnia/9.3.2"}],"authentication":{},"metaSortKey":-1726166176128,"isPrivate":false,"pathParameters":[],"settingStoreCookies":true,"settingSendCookies":true,"settingDisableRenderRequestBody":false,"settingEncodeUrl":true,"settingRebuildPath":true,"settingFollowRedirects":"global","_type":"request"},{"_id":"fld_f1c94d4bda0c4e46a7336495b32748c3","parentId":"wrk_e5dfee24717d43418ecfc03285fd6a94","modified":1726166174135,"created":1726166174135,"name":"Users","description":"","environment":{},"environmentPropertyOrder":null,"metaSortKey":-1726166174135,"_type":"request_group"},{"_id":"wrk_e5dfee24717d43418ecfc03285fd6a94","parentId":null,"modified":1726162454346,"created":1726162454346,"name":"Prisma","description":"","scope":"collection","_type":"workspace"},{"_id":"req_0152d7b33c9a49ec9b38f22879a965fe","parentId":"fld_f1c94d4bda0c4e46a7336495b32748c3","modified":1726167717118,"created":1726167362411,"url":"http://localhost:3333/users/example_id","name":"Show","description":"","method":"GET","body":{},"parameters":[],"headers":[{"name":"User-Agent","value":"insomnia/9.3.2"}],"authentication":{},"metaSortKey":-1726165983599,"isPrivate":false,"pathParameters":[],"settingStoreCookies":true,"settingSendCookies":true,"settingDisableRenderRequestBody":false,"settingEncodeUrl":true,"settingRebuildPath":true,"settingFollowRedirects":"global","_type":"request"},{"_id":"req_0cd4277f56f8419881f0685517edf6be","parentId":"fld_f1c94d4bda0c4e46a7336495b32748c3","modified":1726166279891,"created":1726166200833,"url":"http://localhost:3333/users","name":"Create","description":"","method":"POST","body":{"mimeType":"application/json","text":"{\n\t\"name\": \"João\",\n\t\"email\": \"joao@email.com\"\n}"},"parameters":[],"headers":[{"name":"Content-Type","value":"application/json"},{"name":"User-Agent","value":"insomnia/9.3.2"}],"authentication":{},"metaSortKey":-1726165791070,"isPrivate":false,"pathParameters":[],"settingStoreCookies":true,"settingSendCookies":true,"settingDisableRenderRequestBody":false,"settingEncodeUrl":true,"settingRebuildPath":true,"settingFollowRedirects":"global","_type":"request"},{"_id":"req_0f9fc0f538ef422d9e094a7b19790863","parentId":"fld_9ef12dcc1f3148b5bd3de04c27cf3ed3","modified":1726166987192,"created":1726162786061,"url":"http://localhost:3333/questions","name":"Index","description":"","method":"GET","body":{},"parameters":[{"id":"pair_f4fa611f94fa4367b8a3b8fe262467f6","name":"title","value":"prisma","description":"","disabled":true}],"headers":[{"name":"User-Agent","value":"insomnia/9.3.2"}],"authentication":{},"metaSortKey":-1726165406012,"isPrivate":false,"pathParameters":[],"settingStoreCookies":true,"settingSendCookies":true,"settingDisableRenderRequestBody":false,"settingEncodeUrl":true,"settingRebuildPath":true,"settingFollowRedirects":"global","_type":"request"},{"_id":"fld_9ef12dcc1f3148b5bd3de04c27cf3ed3","parentId":"wrk_e5dfee24717d43418ecfc03285fd6a94","modified":1726165395583,"created":1726165395583,"name":"Questions","description":"","environment":{},"environmentPropertyOrder":null,"metaSortKey":-1726165395583,"_type":"request_group"},{"_id":"req_b43f82ccc0454c3bb4a874408fbb6218","parentId":"fld_9ef12dcc1f3148b5bd3de04c27cf3ed3","modified":1726167726109,"created":1726163347147,"url":"http://localhost:3333/questions","name":"Create","description":"","method":"POST","body":{"mimeType":"application/json","text":"{\n\t\"title\": \"Banco\",\n\t\"content\": \"PostgreSQL é relacional?\",\n\t\"user_id\": \"example_id\"\n}"},"parameters":[],"headers":[{"name":"Content-Type","value":"application/json"},{"name":"User-Agent","value":"insomnia/9.3.2"}],"authentication":{},"metaSortKey":-1726165405912,"isPrivate":false,"pathParameters":[],"settingStoreCookies":true,"settingSendCookies":true,"settingDisableRenderRequestBody":false,"settingEncodeUrl":true,"settingRebuildPath":true,"settingFollowRedirects":"global","_type":"request"},{"_id":"req_5a8014da45814ff996c4e1b6ef2d28fe","parentId":"fld_9ef12dcc1f3148b5bd3de04c27cf3ed3","modified":1726167739328,"created":1726165417964,"url":"http://localhost:3333/questions/example_id","name":"Update","description":"","method":"PUT","body":{"mimeType":"application/json","text":"{\n\t\"title\": \"ORM\",\n\t\"content\": \"Como cadastrar no banco?\"\n}"},"parameters":[],"headers":[{"name":"Content-Type","value":"application/json"},{"name":"User-Agent","value":"insomnia/9.3.2"}],"authentication":{},"metaSortKey":-1725566415383.5,"isPrivate":false,"pathParameters":[],"settingStoreCookies":true,"settingSendCookies":true,"settingDisableRenderRequestBody":false,"settingEncodeUrl":true,"settingRebuildPath":true,"settingFollowRedirects":"global","_type":"request"},{"_id":"req_3e80e326274e44128e2fdccc8ebcc2e0","parentId":"fld_9ef12dcc1f3148b5bd3de04c27cf3ed3","modified":1726167742011,"created":1726165548076,"url":"http://localhost:3333/questions/example_id","name":"Delete","description":"","method":"DELETE","body":{},"parameters":[],"headers":[{"name":"User-Agent","value":"insomnia/9.3.2"}],"authentication":{},"metaSortKey":-1725266920119.25,"isPrivate":false,"pathParameters":[],"settingStoreCookies":true,"settingSendCookies":true,"settingDisableRenderRequestBody":false,"settingEncodeUrl":true,"settingRebuildPath":true,"settingFollowRedirects":"global","_type":"request"},{"_id":"env_069abde4fab77bf72de0152cc3aac6a9e47c59a5","parentId":"wrk_e5dfee24717d43418ecfc03285fd6a94","modified":1726162454347,"created":1726162454347,"name":"Base Environment","data":{},"dataPropertyOrder":null,"color":null,"isPrivate":false,"metaSortKey":1726162454347,"_type":"environment"},{"_id":"jar_069abde4fab77bf72de0152cc3aac6a9e47c59a5","parentId":"wrk_e5dfee24717d43418ecfc03285fd6a94","modified":1726162454347,"created":1726162454347,"name":"Default Jar","cookies":[],"_type":"cookie_jar"}]}